{
  "spatial-melty": {
    "cam": [
      0.0009012690420002262,
      -0.17688069525115777,
      -1.1602229301413356
    ],
    "target": [
      0,
      0,
      0
    ]
  },
  "spatial-real": {
    "cam": [
      0.02673664469050584,
      0.011860884031189336,
      -1.3108099249068277
    ],
    "target": [
      0,
      0,
      0
    ]
  },
  "natural-coof": {
    "cam": [
      -0.14219064719605212,
      -1.974551839558683,
      -0.0507005959479378
    ],
    "target": [
      -0.14219186057201372,
      -1.0922312433252576e-7,
      -0.0506990382017089
    ],
    "lum": 0.39599999999999996
  },
  "blue-waves": {
    "orbit": "0rad 1.3089969389957472rad 0.4109275445758764m",
    "fov": "18.538766912071146deg"
  },
  "spatial-real-overlay": {
    "x": -0.047234617459153916,
    "y": -0.21040875049986682,
    "scale": 0.31377370926536724
  }
}